model,accuracy
Dense,0.4106999933719635
CNN,0.7192999720573425
